<?xml version="1.0" encoding="utf-8"?>
<ApplicationInstallerManifest>
   <DefaultInstallationDirectory>/Applications/Imperial_College_London/SystemicTherapyOutcomePrediction/</DefaultInstallationDirectory>
   <ApplicationName>SystemicTherapyOutcomePrediction</ApplicationName>
   <ExecutableName>application/SystemicTherapyOutcomePrediction.exe</ExecutableName>
   <GUID>6094c514-3df3-4e92-af71-9dc5792d06f6</GUID>
   <ApplicationIcon>default_icon_48.png</ApplicationIcon>
   <Logo>default_logo.png</Logo>
   <Version>1.0</Version>
   <InstallationNotes>In the following directions, replace MCR_ROOT by the directory where the MATLAB Runtime is installed on the target machine.

If the environment variable DYLD_LIBRARY_PATH is undefined, set it to the concatenation of the following strings:

    MCR_ROOT/v92/runtime/maci64:
    MCR_ROOT/v92/sys/os/maci64:
    MCR_ROOT/v92/bin/maci64

If it is defined, set it to the concatenation of these strings:

    ${LD_LIBRARY_PATH}: 
    MCR_ROOT/v92/runtime/maci64:
    MCR_ROOT/v92/sys/os/maci64:
    MCR_ROOT/v92/bin/maci64</InstallationNotes>
   <AuthorOrganization>Imperial College London</AuthorOrganization>
   <WelcomePanelText>SystemicTherapyOutcomePrediction 1.0

Predict the outcome of systemic therapy. Based on analysis by Guillem Hurault and Reiko Tanaka.

Rohan Padmanabhan
rp1615@ic.ac.uk</WelcomePanelText>
   <MCRProducts>
      <MCRProduct>
         <ExternalProductIdentifier>35000</ExternalProductIdentifier>
      </MCRProduct>
      <MCRProduct>
         <ExternalProductIdentifier>35010</ExternalProductIdentifier>
      </MCRProduct>
   </MCRProducts>
</ApplicationInstallerManifest>